2025-11-11_16-12-40,None,draft.py:2025-11-11_16-12-40
2025-11-11_16-14-31,0,draft.py:2025-11-11_16-12-40
2025-11-11_16-14-58,0,draft.py:2025-11-11_16-12-40
2025-11-11_16-14-58,0,draft.py:2025-11-11_16-12-40
2025-11-11_16-27-56,0,draft.py:2025-11-11_16-12-40
2025-11-11_16-53-22,0,draft.py:2025-11-11_16-12-40
2025-11-16_14-46-51,0,draft.py:2025-11-11_16-12-40
2025-11-16_14-56-36,0,draft.py:2025-11-16_14-56-36
2025-11-16_14-59-29,0,draft.py:2025-11-16_14-59-29
2025-11-16_14-59-31,0,draft.py:2025-11-16_14-59-29
2025-11-16_15-03-25,0,draft.py:2025-11-16_15-03-25
2025-11-16_15-03-26,0,draft.py:2025-11-16_15-03-25
2025-11-16_15-03-27,0,draft.py:2025-11-16_15-03-25
2025-11-16_15-03-29,0,draft.py:2025-11-16_15-03-25
2025-11-16_15-03-38,0,draft.py:2025-11-16_15-03-25
2025-11-16_15-05-05,0,draft.py:2025-11-16_15-05-05
2025-11-16_15-05-06,0,draft.py:2025-11-16_15-05-05
2025-11-16_15-05-06,0,draft.py:2025-11-16_15-05-05
2025-11-16_15-05-06,0,draft.py:2025-11-16_15-05-05
2025-11-16_15-07-44,0,draft.py:2025-11-16_15-05-05
2025-11-16_15-13-48,0,draft.py:2025-11-16_15-13-48
2025-11-16_15-13-48,0,draft.py:2025-11-16_15-13-48
2025-11-16_15-14-05,0,draft.py:2025-11-16_15-14-05
2025-11-16_15-14-08,0,draft.py:2025-11-16_15-14-05
2025-11-16_15-14-17,0,draft.py:2025-11-16_15-14-17
2025-11-16_15-15-00,0,draft.py:2025-11-16_15-15-00
2025-11-16_15-15-11,0,draft.py:2025-11-16_15-15-11
2025-11-16_15-15-12,0,draft.py:2025-11-16_15-15-11
2025-11-16_15-15-12,0,draft.py:2025-11-16_15-15-11
2025-11-16_15-15-12,0,draft.py:2025-11-16_15-15-11
2025-11-16_15-29-23,0,draft.py:2025-11-16_15-29-23
2025-11-16_15-29-35,0,draft.py:2025-11-16_15-29-35
2025-11-16_15-30-16,0,draft.py:2025-11-16_15-30-16
2025-11-16_15-30-17,0,draft.py:2025-11-16_15-30-16
2025-11-16_15-30-17,0,draft.py:2025-11-16_15-30-16
2025-11-16_15-30-17,0,draft.py:2025-11-16_15-30-16
2025-11-16_15-31-45,0,draft.py:2025-11-16_15-31-45
2025-11-16_15-31-46,0,draft.py:2025-11-16_15-31-45
2025-11-16_15-31-46,0,draft.py:2025-11-16_15-31-45
2025-11-16_15-32-26,0,draft.py:2025-11-16_15-32-26
2025-11-16_15-32-27,0,draft.py:2025-11-16_15-32-26
2025-11-16_15-32-31,0,draft.py:2025-11-16_15-32-31
2025-11-16_15-33-16,0,draft.py:2025-11-16_15-33-16
2025-11-16_15-33-17,0,draft.py:2025-11-16_15-33-16
2025-11-16_15-33-22,0,draft.py:2025-11-16_15-33-22
2025-11-16_15-33-23,0,draft.py:2025-11-16_15-33-22
2025-11-16_15-33-23,0,draft.py:2025-11-16_15-33-22
2025-11-16_15-33-23,0,draft.py:2025-11-16_15-33-22
2025-11-16_15-33-48,0,draft.py:2025-11-16_15-33-48
2025-11-16_15-33-48,0,draft.py:2025-11-16_15-33-48
2025-11-16_15-33-48,0,draft.py:2025-11-16_15-33-48
2025-11-16_15-39-02,0,draft.py:2025-11-16_15-33-48
2025-11-16_15-48-30,0,draft.py:2025-11-16_15-48-30
2025-11-16_15-48-30,0,draft.py:2025-11-16_15-48-30
2025-11-16_15-48-31,0,draft.py:2025-11-16_15-48-31
2025-11-16_15-49-32,0,draft.py:2025-11-16_15-49-32
2025-11-16_15-49-33,0,draft.py:2025-11-16_15-49-32
2025-11-16_15-49-34,0,draft.py:2025-11-16_15-49-32
2025-11-16_15-50-07,0,draft.py:2025-11-16_15-50-07
2025-11-16_15-52-33,0,draft.py:2025-11-16_15-52-33
2025-11-16_15-52-39,0,draft.py:2025-11-16_15-52-39
2025-11-16_15-53-25,0,draft.py:2025-11-16_15-53-25
2025-11-16_15-53-26,0,draft.py:2025-11-16_15-53-25
2025-11-16_15-53-26,0,draft.py:2025-11-16_15-53-25
2025-11-16_15-53-50,20,draft.py:2025-11-16_15-53-50
2025-11-16_15-54-39,20,draft.py:2025-11-16_15-54-39
2025-11-16_15-54-41,20,draft.py:2025-11-16_15-54-39
2025-11-16_15-55-40,20,draft.py:2025-11-16_15-55-40
2025-11-16_15-55-42,20,draft.py:2025-11-16_15-55-40
2025-11-16_15-59-54,20,draft.py:2025-11-16_15-59-54
2025-11-16_16-00-18,20,draft.py:2025-11-16_15-59-54
2025-11-16_16-06-48,20,draft.py:2025-11-16_15-59-54
2025-11-16_16-06-49,20,draft.py:2025-11-16_15-59-54
2025-11-16_16-06-49,20,draft.py:2025-11-16_15-59-54
2025-11-16_16-09-58,100,draft.py:2025-11-16_16-09-58
